matrixSize,blockDim,Time_H2D_ms,Bandwidth_H2D,Time_D2H_ms,Time_Kernel_ms,Time_CPU_ms;
1048576,1,0.749213,11.1966,1.43517,287.043,0;
1048576,2,0.746674,11.2346,1.43837,43.0446,0;
1048576,3,0.756143,11.0939,1.33041,14.7007,0;
1048576,4,0.738113,11.3649,1.31934,7.89108,0;
1048576,5,0.748283,11.2105,1.32293,5.60473,0;
1048576,6,0.746563,11.2363,1.32438,5.93322,0;
1048576,7,0.748724,11.2039,1.30798,4.41511,0;
1048576,8,0.750263,11.1809,1.33996,3.37729,0;
1048576,9,0.750033,11.1843,1.31469,3.84743,0;
1048576,10,0.750723,11.174,1.32554,4.1059,0;
1048576,11,0.749054,11.1989,1.32797,3.47272,0;
1048576,12,0.803714,10.4373,1.62301,3.99622,0;
1048576,13,0.888585,9.44041,2.34641,4.12551,0;
1048576,14,0.747773,11.2181,1.44674,1457.53,0;
1048576,15,0.752413,11.1489,1.33453,3.62481,0;
1048576,16,0.750523,11.177,1.4513,3.61727,0;
1048576,17,0.750183,11.1821,1.33594,4.0043,0;
1048576,18,0.750943,11.1708,1.32509,3.37223,0;
1048576,19,0.752803,11.1432,1.32689,3.64864,0;
1048576,20,0.749063,11.1988,1.31672,3.72916,0;
1048576,21,0.749473,11.1927,1.32669,3.46979,0;
1048576,22,0.749914,11.1861,1.37594,3.58889,0;
1048576,23,0.749784,11.188,1.32434,3.85295,0;
1048576,24,0.751174,11.1673,1.32036,3.50825,0;
1048576,25,0.752743,11.1441,1.43071,3.4623,0;
1048576,26,0.750253,11.181,1.3304,3.81983,0;
1048576,27,0.749784,11.188,1.32641,3.7934,0;
1048576,28,0.748693,11.2043,1.315,3.43084,0;
1048576,29,0.750873,11.1718,1.33226,3.68734,0;
1048576,30,0.760983,11.0234,1.32053,3.83812,0;
1048576,31,0.746763,11.2333,1.34481,3.63087,0;
1048576,32,0.753483,11.1331,1.32442,3.44122,0;
2359296,1,1.80396,10.4627,2.4777,1213.51,0;
2359296,2,1.80822,10.4381,1.98586,170.865,0;
2359296,3,1.79705,10.503,1.97597,55.819,0;
2359296,4,1.79625,10.5076,1.97208,28.2322,0;
2359296,5,1.82208,10.3587,2.4935,17.3983,0;
2359296,6,1.79123,10.5371,2.47451,16.3517,0;
2359296,7,1.82231,10.3574,1.98604,11.4444,0;
2359296,8,1.80477,10.458,1.98036,8.83075,0;
2359296,9,1.79924,10.4902,1.98147,9.80116,0;
2359296,10,1.81352,10.4076,2.48152,10.4574,0;
2359296,11,1.79965,10.4878,2.47163,8.28118,0;
2359296,12,2.34723,8.04112,4.57078,10.0208,0;
2359296,13,2.01106,9.38526,2.49552,7.59042,0;
2359296,14,1.79574,10.5106,1.99012,8.11954,0;
2359296,15,1.79297,10.5269,2.03543,7.65461,0;
2359296,16,1.81425,10.4034,2.49302,6.66688,0;
2359296,17,1.79257,10.5292,2.48627,7.07639,0;
2359296,18,1.79293,10.5271,1.98099,8.72652,0;
2359296,19,1.80124,10.4785,1.9756,7.90628,0;
2359296,20,1.79976,10.4872,1.97509,7.6551,0;
2359296,21,1.82512,10.3414,1.97906,7.83144,0;
2359296,22,1.79968,10.4876,2.00083,7.85415,0;
2359296,23,1.80198,10.4742,1.96848,9.11193,0;
2359296,24,1.80758,10.4418,2.48171,8.73607,0;
2359296,25,1.81256,10.4131,1.9792,8.99539,0;
2359296,26,1.80691,10.4456,2.48096,8.94227,0;
2359296,27,1.82089,10.3655,2.51524,8.50256,0;
2359296,28,1.82367,10.3497,2.48118,8.61609,0;
2359296,29,1.8017,10.4759,1.98463,8.15129,0;
2359296,30,1.80392,10.463,2.48148,8.73927,0;
2359296,31,1.81213,10.4156,1.97651,8.3353,0;
2359296,32,1.8284,10.3229,2.48247,7.62466,0;
4194304,1,3.20713,10.4625,3.51061,2803.3,0;
4194304,2,3.20975,10.4539,3.47271,403.372,0;
4194304,3,3.21702,10.4303,3.47223,131.407,0;
4194304,4,3.20625,10.4653,3.4712,63.2918,0;
4194304,5,3.2262,10.4006,3.47717,39.1799,0;
4194304,6,3.21002,10.453,3.47018,36.1024,0;
4194304,7,3.20623,10.4654,3.47677,24.2334,0;
4194304,8,3.21595,10.4338,3.49715,17.7248,0;
4194304,9,3.47908,9.64463,4.35335,25.4325,0;
4194304,10,3.17592,10.5653,3.46326,20.7853,0;
4194304,11,3.20126,10.4816,3.70572,16.2773,0;
4194304,12,3.18381,10.5391,3.46404,16.1442,0;
4194304,13,3.21488,10.4372,3.49824,16.121,0;
4194304,14,3.23205,10.3818,3.59446,17.1432,0;
4194304,15,3.23261,10.38,3.50363,17.5639,0;
4194304,16,3.21634,10.4325,3.48204,15.0417,0;
4194304,17,3.19922,10.4883,3.46994,17.7437,0;
4194304,18,3.19399,10.5055,3.48069,19.5597,0;
4194304,19,3.23816,10.3622,3.47132,18.4268,0;
4194304,20,3.21751,10.4287,3.45357,18.3663,0;
4194304,21,3.23099,10.3852,3.46451,17.7279,0;
4194304,22,3.22056,10.4188,3.47167,18.255,0;
4194304,23,3.21926,10.423,3.46881,21.8688,0;
4194304,24,3.21259,10.4447,3.46904,20.0155,0;
4194304,25,3.21825,10.4263,3.61865,19.3865,0;
4194304,26,3.21753,10.4286,3.47641,19.9355,0;
4194304,27,3.22549,10.4029,3.48627,18.2842,0;
4194304,28,3.24003,10.3562,3.54443,19.1191,0;
4194304,29,3.23228,10.3811,3.47368,18.2387,0;
4194304,30,3.217,10.4304,3.6826,18.8074,0;
4194304,31,3.21166,10.4477,3.485,18.1966,0;
4194304,32,3.21286,10.4438,3.47007,16.493,0;
9437184,1,6.66803,11.3223,7.06126,9457.81,0;
9437184,2,6.51746,11.5839,7.04192,1364.48,0;
9437184,3,6.67356,11.3129,7.05689,445.662,0;
9437184,4,6.71109,11.2497,7.03226,232.394,0;
9437184,5,6.65612,11.3426,7.04031,144.247,0;
9437184,6,6.65055,11.3521,7.0487,124.483,0;
9437184,7,6.69027,11.2847,7.02737,84.6304,0;
9437184,8,6.68953,11.2859,7.0514,63.0542,0;
9437184,9,6.70978,11.2519,7.0252,66.4832,0;
9437184,10,6.64456,11.3623,7.10607,67.0255,0;
9437184,11,6.84359,11.0319,7.04074,51.8765,0;
9437184,12,6.69462,11.2773,7.0428,61.0251,0;
9437184,13,6.66249,11.3317,7.04075,64.6269,0;
9437184,14,6.72546,11.2256,7.03212,69.5664,0;
9437184,15,6.74755,11.1889,7.03873,62.4783,0;
9437184,16,6.70306,11.2631,7.03732,53.0622,0;
9437184,17,6.67833,11.3048,7.03983,60.4282,0;
9437184,18,6.69538,11.2761,7.12606,65.6736,0;
9437184,19,6.6834,11.2963,7.11109,60.984,0;
9437184,20,6.70445,11.2608,7.06689,59.3678,0;
9437184,21,6.65066,11.3519,7.04307,42.2215,0;
9437184,22,6.64965,11.3536,7.04058,42.09,0;
9437184,23,6.66977,11.3194,7.03638,52.1632,0;
9437184,24,6.6868,11.2905,7.09184,47.651,0;
9437184,25,6.72365,11.2286,7.08756,63.1816,0;
9437184,26,6.68684,11.2905,7.42306,65.0388,0;
9437184,27,6.70643,11.2575,7.03259,59.1843,0;
9437184,28,6.7019,11.2651,7.02292,59.1323,0;
9437184,29,6.72,11.2347,7.04307,57.2597,0;
9437184,30,6.87279,10.985,7.16314,58.8036,0;
9437184,31,7.02836,10.7418,7.13306,56.9622,0;
9437184,32,6.68936,11.2862,7.04406,52.1543,0;
16777216,1,11.5602,11.6103,12.1506,22539.4,0;
16777216,2,11.5296,11.6412,12.0608,3131.45,0;
16777216,3,11.5596,11.6109,12.1391,1022.4,0;
16777216,4,11.4987,11.6725,12.0584,499.876,0;
16777216,5,11.5245,11.6463,12.0387,308.131,0;
16777216,6,11.5218,11.6491,12.0539,286.523,0;
16777216,7,11.5029,11.6682,13.0562,195.811,0;
16777216,8,11.5277,11.643,12.0479,138.143,0;
16777216,9,11.5098,11.6612,12.2415,151.902,0;
16777216,10,11.5008,11.6703,12.1701,157.604,0;
16777216,11,11.5417,11.629,12.1892,122.488,0;
16777216,12,11.5324,11.6383,12.1659,120.261,0;
16777216,13,11.5373,11.6334,12.176,155.143,0;
16777216,14,11.5298,11.6409,12.1768,123.405,0;
16777216,15,11.5024,11.6687,12.1525,114.876,0;
16777216,16,11.5127,11.6582,13.0529,94.0411,0;
16777216,17,11.5044,11.6666,12.1991,108.457,0;
16777216,18,11.5259,11.6449,12.1811,116.695,0;
16777216,19,11.5201,11.6508,12.034,106.235,0;
16777216,20,11.5081,11.6629,12.1556,102.729,0;
16777216,21,11.4847,11.6867,12.5971,99.7957,0;
16777216,22,11.4825,11.6889,12.1622,100.035,0;
16777216,23,11.5133,11.6577,12.2311,120.867,0;
16777216,24,11.5486,11.622,12.0258,109.471,0;
16777216,25,11.5104,11.6606,12.1429,109.356,0;
16777216,26,11.5039,11.6671,12.1586,111,0;
16777216,27,11.4991,11.6721,12.1897,102.894,0;
16777216,28,11.514,11.6569,12.1694,102.187,0;
16777216,29,11.5266,11.6442,12.1512,101.151,0;
16777216,30,11.5118,11.6592,12.6768,101.086,0;
16777216,31,11.5035,11.6675,12.1785,97.7105,0;
16777216,32,11.4893,11.6819,12.2387,88.9861,0;
37748736,1,25.1662,11.9998,26.6251,76189.6,0;
37748736,2,25.1625,12.0016,26.6122,11019.3,0;
37748736,3,25.1311,12.0166,26.5787,3626.17,0;
37748736,4,25.1728,11.9967,26.5946,1874.68,0;
37748736,5,25.2098,11.9791,26.5799,1181.55,0;
37748736,6,25.1751,11.9956,26.6011,1008.71,0;
37748736,7,25.1971,11.9851,27.9443,694.586,0;
37748736,8,25.1599,12.0028,27.0211,546.808,0;
37748736,9,25.1722,11.997,26.7564,539.861,0;
37748736,10,25.2917,11.9403,26.6308,543.536,0;
37748736,11,25.1633,12.0012,27.0526,425.707,0;
37748736,12,25.1367,12.0139,27.7082,418.814,0;
37748736,13,25.1435,12.0107,26.6006,417.445,0;
37748736,14,25.2733,11.9489,26.5692,426.152,0;
37748736,15,25.1685,11.9987,26.6993,390.932,0;
37748736,16,25.2237,11.9725,26.6306,333.679,0;
37748736,17,25.1814,11.9926,26.5743,373.1,0;
37748736,18,25.1039,12.0296,26.6251,400.317,0;
37748736,19,25.1719,11.9971,26.5497,364.943,0;
37748736,20,25.2671,11.9519,26.565,355.035,0;
37748736,21,25.1608,12.0024,26.6352,338.133,0;
37748736,22,25.1698,11.9981,26.5653,342.638,0;
37748736,23,25.1657,12.0001,26.5915,414.216,0;
37748736,24,25.1785,11.994,26.6677,376.656,0;
37748736,25,25.1314,12.0165,26.5877,376.213,0;
37748736,26,25.1258,12.0191,26.5158,381.87,0;
37748736,27,25.1861,11.9903,26.5689,351.238,0;
37748736,28,25.1531,12.0061,26.6347,348.11,0;
37748736,29,25.1614,12.0021,26.5918,340.611,0;
37748736,30,25.141,12.0119,26.5638,340.479,0;
37748736,31,25.1843,11.9912,26.6027,328.581,0;
37748736,32,25.2089,11.9795,26.6373,301.519,0;
67108864,1,44.4125,12.0883,47.6102,181790,0;
67108864,2,44.2204,12.1408,46.8478,26224.9,0;
67108864,3,44.237,12.1363,47.0501,8668.3,0;
67108864,4,44.2378,12.136,46.7673,4518.98,0;
67108864,5,44.2171,12.1417,46.7402,3476.67,0;
67108864,6,44.2273,12.1389,47.6595,2419.25,0;
67108864,7,44.1843,12.1507,46.6953,1690.63,0;
67108864,8,44.2074,12.1444,47.0109,1339.79,0;
67108864,9,44.1911,12.1488,46.9482,1296.3,0;
67108864,10,44.2377,12.1361,47.0952,1309.17,0;
67108864,11,44.2081,12.1442,46.7008,1030.14,0;
67108864,12,44.2139,12.1426,46.8431,1006.37,0;
67108864,13,44.2131,12.1428,46.7202,1001.68,0;
67108864,14,44.2255,12.1394,46.7351,1024.58,0;
67108864,15,44.2481,12.1332,47.026,935.235,0;
67108864,16,44.2649,12.1286,47.0488,829.402,0;
67108864,17,44.2022,12.1458,46.796,886.558,0;
67108864,18,44.1878,12.1497,46.7258,959.322,0;
67108864,19,44.3539,12.1042,50.8727,894.332,0;
67108864,20,44.1991,12.1466,46.7431,843.17,0;
67108864,21,44.2068,12.1445,46.7825,815.181,0;
67108864,22,44.258,12.1305,47.6818,814.01,0;
67108864,23,44.2416,12.135,46.7332,982.829,0;
67108864,24,44.2624,12.1293,46.8093,897.814,0;
67108864,25,44.2115,12.1432,46.7232,894.244,0;
67108864,26,44.1859,12.1503,48.4,905.334,0;
67108864,27,44.2197,12.141,46.9744,836.285,0;
67108864,28,44.2036,12.1454,46.7977,828.285,0;
67108864,29,44.2061,12.1447,46.766,813.135,0;
67108864,30,44.2079,12.1442,50.4661,820.395,0;
67108864,31,44.267,12.128,46.8349,782.862,0;
67108864,32,44.6307,12.0292,47.7296,749.735,0;
